<?xml version="1.0" encoding="UTF-8"?>
<!DOCTYPE coverity SYSTEM "config.dtd">
<coverity>

<metrics>
    <metric>
        <name>time</name>
        <value>3</value>
    </metric>
    <metric>
        <name>args</name>
        <value>/usr/local/cov-analysis-linux64-8.0.0/bin/cov-analyze --dir /home/jtorii/se465/se465p/g62_project --disable-webapp-security --strip-path /home/jtorii/se465/se465p --all --enable-fnptr --enable-virtual --enable-exceptions --handle-badalloc --enable-fb</value>
    </metric>
    <metric>
        <name>host</name>
        <value>eceLinux1.uwaterloo.ca</value>
    </metric>
    <metric>
        <name>short-platform</name>
        <value>linux64</value>
    </metric>
    <metric>
        <name>platform</name>
        <value>Linux 2.6.18-407.el5 x86_64</value>
    </metric>
    <metric>
        <name>ident</name>
        <value>8.0.0 (build 2c247ff7c4 p-jasper-push-24789.298)</value>
    </metric>
    <metric>
        <name>user</name>
        <value>jtorii</value>
    </metric>
    <metric>
        <name>cwd</name>
        <value>/home/jtorii/se465/se465p</value>
    </metric>
    <metric>
        <name>config</name>
        <value>/usr/local/cov-analysis-linux64-8.0.0/config/coverity_config.xml</value>
    </metric>
    <metric>
        <name>intermediatedir</name>
        <value>/home/jtorii/se465/se465p/g62_project</value>
    </metric>
    <metric>
        <name>outputdir</name>
        <value>/home/jtorii/se465/se465p/g62_project/output</value>
    </metric>
    <metric>
        <name>emitdir</name>
        <value>/home/jtorii/se465/se465p/g62_project/emit</value>
    </metric>
    <metric>
        <name>peak-mem-bytes</name>
        <value>73969664</value>
    </metric>
    <metric>
        <name>aw-peak-mem-bytes</name>
        <value>61362176</value>
    </metric>
    <metric>
        <name>am+aw-peak-mem-bytes</name>
        <value>45723648</value>
    </metric>
    <metric>
        <name>files-analyzed</name>
        <value>20</value>
    </metric>
    <metric>
        <name>cpp-code-lines</name>
        <value>36363</value>
    </metric>
    <metric>
        <name>cpp-comment-lines</name>
        <value>18276</value>
    </metric>
    <metric>
        <name>cpp-blank-lines</name>
        <value>8832</value>
    </metric>
    <metric>
        <name>cpp-code-lines-with-inline-comments</name>
        <value>927</value>
    </metric>
    <metric>
        <name>code-lines</name>
        <value>36363</value>
    </metric>
    <metric>
        <name>comment-lines</name>
        <value>18276</value>
    </metric>
    <metric>
        <name>blank-lines</name>
        <value>8832</value>
    </metric>
    <metric>
        <name>code-lines-with-inline-comments</name>
        <value>927</value>
    </metric>
    <metric>
        <name>functions-analyzed</name>
        <value>413</value>
    </metric>
    <metric>
        <name>function-metrics-count</name>
        <value>413</value>
    </metric>
    <metric>
        <name>classes-analyzed</name>
        <value>92</value>
    </metric>
    <metric>
        <name>paths-analyzed</name>
        <value>1976</value>
    </metric>
    <metric>
        <name>memout-count</name>
        <value>0</value>
    </metric>
    <metric>
        <name>pathout-count</name>
        <value>0</value>
    </metric>
    <metric>
        <name>tus-count</name>
        <value>1</value>
    </metric>
    <metric>
        <name>failures</name>
        <value>0</value>
    </metric>
    <metric>
        <name>incremental-misses</name>
        <value>1652</value>
    </metric>
    <metric>
        <name>incremental-hits</name>
        <value>0</value>
    </metric>
    <metric>
        <name>dyncg-sites-resolved</name>
        <value>0</value>
    </metric>
    <metric>
        <name>dyncg-sites-total</name>
        <value>0</value>
    </metric>
    <metric>
        <name>PW.UNRECOGNIZED_CHAR_ESCAPE-new-defect-count</name>
        <value>1</value>
    </metric>
    <metric>
        <name>STREAM_FORMAT_STATE-new-defect-count</name>
        <value>1</value>
    </metric>
    <metric>
        <name>UNCAUGHT_EXCEPT-new-defect-count</name>
        <value>2</value>
    </metric>
    <metric>
        <name>total-new-defect-count</name>
        <value>4</value>
    </metric>
    <metric>
        <name>extver</name>
        <value>8.0.0</value>
    </metric>
    <metric>
        <name>intver</name>
        <value>2c247ff7c4 p-jasper-push-24789.298</value>
    </metric>
    <metric>
        <name>enabled-checkers</name>
        <value>ALLOC_FREE_MISMATCH,ARRAY_VS_SINGLETON,ASSERT_SIDE_EFFECT,ATOMICITY,BAD_ALLOC_ARITHMETIC,BAD_ALLOC_STRLEN,BAD_CHECK_OF_WAIT_COND,BAD_COMPARE,BAD_EQ,BAD_EQ_TYPES,BAD_FREE,BAD_LOCK_OBJECT,BAD_OVERRIDE,BAD_SHIFT,BAD_SIZEOF,BUFFER_SIZE,CALL_SUPER,CHAR_IO,CHECKED_RETURN,CHROOT,COM.ADDROF_LEAK,COM.BAD_FREE,COM.BSTR.ALLOC,COM.BSTR.BAD_COMPARE,COM.BSTR.CONV,COM.BSTR.NE_NON_BSTR,CONSTANT_EXPRESSION_RESULT,COPY_PASTE_ERROR,CTOR_DTOR_LEAK,DC.DANGEROUS,DC.DEADLOCK,DC.STREAM_BUFFER,DC.WEAK_CRYPTO,DEADCODE,DELETE_ARRAY,DELETE_VOID,DIVIDE_BY_ZERO,EVALUATION_ORDER,EXPLICIT_THIS_EXPECTED,FB.*,FORWARD_NULL,GUARDED_BY_VIOLATION,HIBERNATE_BAD_HASHCODE,IDENTICAL_BRANCHES,IDENTIFIER_TYPO,INCOMPATIBLE_CAST,INFINITE_LOOP,INTEGER_OVERFLOW,INVALIDATE_ITERATOR,LOCK,LOCK_EVASION,LOCK_INVERSION,MISMATCHED_ITERATOR,MISSING_BREAK,MISSING_COMMA,MISSING_LOCK,MISSING_RESTORE,MISSING_RETURN,MISSING_THROW,MIXED_ENUMS,NEGATIVE_RETURNS,NESTING_INDENT_MISMATCH,NON_STATIC_GUARDING_STATIC,NO_EFFECT,NULL_RETURNS,OPEN_ARGS,ORDER_REVERSAL,ORM_LOAD_NULL_CHECK,ORM_UNNECESSARY_GET,OVERFLOW_BEFORE_WIDEN,OVERRUN,PARSE_ERROR,PASS_BY_VALUE,PW.*,READLINK,REGEX_CONFUSION,RESOURCE_LEAK,RETURN_LOCAL,REVERSE_INULL,REVERSE_NEGATIVE,RISKY_CRYPTO,SECURE_TEMP,SERVLET_ATOMICITY,SIGN_EXTENSION,SINGLETON_RACE,SIZEOF_MISMATCH,SLEEP,STACK_USE,STRAY_SEMICOLON,STREAM_FORMAT_STATE,STRING_NULL,STRING_OVERFLOW,STRING_SIZE,SWAPPED_ARGUMENTS,TAINTED_SCALAR,TAINTED_STRING,TOCTOU,UNCAUGHT_EXCEPT,UNINIT,UNINIT_CTOR,UNINTENDED_GLOBAL,UNINTENDED_INTEGER_DIVISION,UNREACHABLE,UNUSED_VALUE,USELESS_CALL,USE_AFTER_FREE,VARARGS,VIRTUAL_DTOR,VOLATILE_ATOMICITY,WRAPPER_ESCAPE,WRONG_METHOD</value>
    </metric>
    <metric>
        <name>ta.code_age_thresholds</name>
        <value>0, 0</value>
    </metric>
    <metric>
        <name>code-version-date</name>
        <value>1459534278</value>
    </metric>
    <metric>
        <name>cxx</name>
        <value>yes</value>
    </metric>
    <metric>
        <name>concurrency</name>
        <value>yes</value>
    </metric>
    <metric>
        <name>security</name>
        <value>yes</value>
    </metric>
    <metric>
        <name>force</name>
        <value>no</value>
    </metric>
    <metric>
        <name>max-mem</name>
        <value>512</value>
    </metric>
    <metric>
        <name>paths</name>
        <value>5000</value>
    </metric>
    <metric>
        <name>enable-parse-warnings</name>
        <value>yes</value>
    </metric>
    <metric>
        <name>rule-cutoffs</name>
        <value></value>
    </metric>
</metrics>
</coverity>
