{
  "header" : {
    "format" : "commit preview report",
    "version" : 2
  },
  "analysisInfo" : {
    "ownerAssignmentRule" : "default_component_owner",
    "comparisonSnapshotId" : null,
    "reportTimestamp" : "2016-04-01T18:18:47.279Z",
    "user" : "admin",
    "command" : "/usr/local/cov-analysis-linux64-8.0.0/bin/cov-analyze --dir /home/jtorii/se465/se465p/g62_project --disable-webapp-security --strip-path /home/jtorii/se465/se465p --all --enable-fnptr --enable-virtual --enable-exceptions --handle-badalloc --enable-fb"
  },
  "issueInfo" : [ {
    "cid" : 10385,
    "mergeKey" : "471bf92e2d18f302f26ea0667e373c3d",
    "presentInComparisonSnapshot" : false,
    "firstDetectedDateTime" : "2016-04-01T18:18:47.279Z",
    "occurrences" : [ {
      "checker" : "PW.UNRECOGNIZED_CHAR_ESCAPE",
      "file" : "/pipair.cpp",
      "function" : "unknown",
      "extra" : "                    cout << \"support: \" << suppIt->second << \", confidence: \" << setprecision(2) << fixed << conf * 100 << \"\\%\" << endl;",
      "mergeWithLowercaseFile" : false,
      "subcategory" : "none",
      "mainEventLineNumber" : 73,
      "mainEventDescription" : "unrecognized character escape sequence",
      "componentName" : "Other",
      "componentDefaultOwner" : null,
      "componentDefaultOwnerLdapServer" : null
    } ],
    "triage" : {
      "severity" : "Unspecified",
      "owner" : null,
      "externalReference" : null,
      "legacy" : "False",
      "fixTarget" : "Untargeted",
      "action" : "Undecided",
      "classification" : "Unclassified"
    },
    "customTriage" : { },
    "ownerLdapServerName" : null
  }, {
    "cid" : 10386,
    "mergeKey" : "9a16053f3007cb2ba7f7e2d80c4bb9ad",
    "presentInComparisonSnapshot" : false,
    "firstDetectedDateTime" : "2016-04-01T18:18:47.279Z",
    "occurrences" : [ {
      "checker" : "STREAM_FORMAT_STATE",
      "file" : "/pipair.cpp",
      "function" : "_Z11printErrorsRKiRKf",
      "extra" : "cout",
      "mergeWithLowercaseFile" : false,
      "subcategory" : "none",
      "mainEventLineNumber" : 78,
      "mainEventDescription" : "Changing format state of stream \"std::cout\" for categories floatfield, precision without later restoring it.",
      "componentName" : "Other",
      "componentDefaultOwner" : null,
      "componentDefaultOwnerLdapServer" : null
    } ],
    "triage" : {
      "severity" : "Unspecified",
      "owner" : null,
      "externalReference" : null,
      "legacy" : "False",
      "fixTarget" : "Untargeted",
      "action" : "Undecided",
      "classification" : "Unclassified"
    },
    "customTriage" : { },
    "ownerLdapServerName" : null
  }, {
    "cid" : 10327,
    "mergeKey" : "6f70a70beed5446de7e81ea981926e45",
    "presentInComparisonSnapshot" : false,
    "firstDetectedDateTime" : "2016-03-31T23:00:18.075Z",
    "occurrences" : [ {
      "checker" : "UNCAUGHT_EXCEPT",
      "file" : "/pipair.cpp",
      "function" : "main",
      "extra" : "bad_alloc",
      "mergeWithLowercaseFile" : false,
      "subcategory" : "none",
      "mainEventLineNumber" : 112,
      "mainEventDescription" : "In function \"main(int, char **)\" an exception of type \"std::bad_alloc\" is thrown and never caught.",
      "componentName" : "Other",
      "componentDefaultOwner" : null,
      "componentDefaultOwnerLdapServer" : null
    }, {
      "checker" : "UNCAUGHT_EXCEPT",
      "file" : "/pipair.cpp",
      "function" : "main",
      "extra" : "bad_alloc",
      "mergeWithLowercaseFile" : false,
      "subcategory" : "none",
      "mainEventLineNumber" : 112,
      "mainEventDescription" : "In function \"main(int, char **)\" an exception of type \"std::bad_alloc\" is thrown and never caught.",
      "componentName" : "Other",
      "componentDefaultOwner" : null,
      "componentDefaultOwnerLdapServer" : null
    } ],
    "triage" : {
      "severity" : "Unspecified",
      "owner" : null,
      "externalReference" : null,
      "legacy" : "False",
      "fixTarget" : "Untargeted",
      "action" : "Undecided",
      "classification" : "Unclassified"
    },
    "customTriage" : { },
    "ownerLdapServerName" : null
  } ]
}