<error>
<domain>STATIC_C</domain>
<lang>C++</lang>
<checker>PW.UNRECOGNIZED_CHAR_ESCAPE</checker>
<file>/home/jtorii/se465/se465p/pipair.cpp</file>
<function>unknown</function>
<score>20</score>
<ordered>true</ordered>
<event>
<main>true</main>
<tag>unrecognized_char_escape</tag>
<description>{CovLStr{v1}{unrecognized character escape sequence}}</description>
<line>73</line>
</event>
<event>
<tag>caretline</tag>
<description>                                                                                                                            ^</description>
<line>73</line>
</event>
<mergekey>471bf92e2d18f302f26ea0667e373c3d</mergekey>
<extra>                    cout &lt;&lt; &quot;support: &quot; &lt;&lt; suppIt-&gt;second &lt;&lt; &quot;, confidence: &quot; &lt;&lt; setprecision(2) &lt;&lt; fixed &lt;&lt; conf * 100 &lt;&lt; &quot;\%&quot; &lt;&lt; endl;</extra>
<subcategory>none</subcategory>
<typePropertiesGroup>
<category>Parse warnings</category>
<impact>Low</impact>
<type>Parse warning</type>
<cwe>398</cwe>
<localEffect>A parse warning may reduce maintainability of the code, or it may indicate a serious error.</localEffect>
<longDescription>A parse warning from the Coverity parser may indicate a bug, or poor coding practice</longDescription>
<qualityKind>true</qualityKind>
</typePropertiesGroup>
</error>
