<error>
<domain>STATIC_C</domain>
<lang>C++</lang>
<checker>STREAM_FORMAT_STATE</checker>
<file>/home/jtorii/se465/se465p/pipair.cpp</file>
<function>_Z11printErrorsRKiRKf</function>
<score>100</score>
<ordered>true</ordered>
<event>
<tag>cond_true</tag>
<description>{CovLStrv2{{t{Condition {0}, taking true branch}{{code{suppIt != std::_Rb_tree_const_iterator&lt;std::pair&lt;std::pair&lt;std::basic_string&lt;char, std::char_traits&lt;char&gt;, std::allocator&lt;char&gt; &gt;, std::basic_string&lt;char, std::char_traits&lt;char&gt;, std::allocator&lt;char&gt; &gt; &gt; const, int&gt; &gt;::_Self const(supportPair.end())}}}}}}</description>
<line>58</line>
<path_event></path_event>
</event>
<event>
<tag>cond_true</tag>
<description>{CovLStrv2{{t{Condition {0}, taking true branch}{{code{supp &gt; suppThres}}}}}}</description>
<line>62</line>
<path_event></path_event>
</event>
<event>
<tag>cond_true</tag>
<description>{CovLStrv2{{t{Condition {0}, taking true branch}{{code{conf &gt;= confThres}}}}}}</description>
<line>62</line>
<path_event></path_event>
</event>
<event>
<tag>cond_true</tag>
<description>{CovLStrv2{{t{Condition {0}, taking true branch}{{code{it1 != allScopes.end()}}}}}}</description>
<line>65</line>
<path_event></path_event>
</event>
<event>
<tag>cond_true</tag>
<description>{CovLStrv2{{t{Condition {0}, taking true branch}{{code{it2 == scopesWith.end()}}}}}}</description>
<line>68</line>
<path_event></path_event>
</event>
<event>
<tag>format_changed</tag>
<description>{CovLStrv2{{t{{0} changes the format state of {1} for category {2}.}{{code{setprecision}}}{{code{std::cout}}}{precision}}}}</description>
<line>73</line>
</event>
<event>
<tag>format_changed</tag>
<description>{CovLStrv2{{t{{0} changes the format state of {1} for category {2}.}{{code{fixed}}}{{code{std::cout}}}{floatfield}}}}</description>
<line>73</line>
</event>
<event>
<tag>loop</tag>
<description>{CovLStrv2{{t{Jumping back to the beginning of the loop}}}}</description>
<line>75</line>
<path_event>
<jump>true</jump>
<suppressible>true</suppressible>
</path_event>
</event>
<event>
<tag>loop_begin</tag>
<description>{CovLStrv2{{t{Jumped back to beginning of loop}}}}</description>
<line>65</line>
<path_event>
<suppressible>true</suppressible>
</path_event>
</event>
<event>
<tag>cond_false</tag>
<description>{CovLStrv2{{t{Condition {0}, taking false branch}{{code{it1 != allScopes.end()}}}}}}</description>
<line>65</line>
<path_event>
<jump>true</jump>
</path_event>
</event>
<event>
<tag>loop_end</tag>
<description>{CovLStrv2{{t{Reached end of loop}}}}</description>
<line>75</line>
<path_event>
<suppressible>true</suppressible>
</path_event>
</event>
<event>
<tag>loop</tag>
<description>{CovLStrv2{{t{Jumping back to the beginning of the loop}}}}</description>
<line>77</line>
<path_event>
<jump>true</jump>
<suppressible>true</suppressible>
</path_event>
</event>
<event>
<tag>loop_begin</tag>
<description>{CovLStrv2{{t{Jumped back to beginning of loop}}}}</description>
<line>58</line>
<path_event>
<suppressible>true</suppressible>
</path_event>
</event>
<event>
<tag>cond_false</tag>
<description>{CovLStrv2{{t{Condition {0}, taking false branch}{{code{suppIt != std::_Rb_tree_const_iterator&lt;std::pair&lt;std::pair&lt;std::basic_string&lt;char, std::char_traits&lt;char&gt;, std::allocator&lt;char&gt; &gt;, std::basic_string&lt;char, std::char_traits&lt;char&gt;, std::allocator&lt;char&gt; &gt; &gt; const, int&gt; &gt;::_Self const(supportPair.end())}}}}}}</description>
<line>58</line>
<path_event>
<jump>true</jump>
</path_event>
</event>
<event>
<tag>loop_end</tag>
<description>{CovLStrv2{{t{Reached end of loop}}}}</description>
<line>77</line>
<path_event>
<suppressible>true</suppressible>
</path_event>
</event>
<event>
<main>true</main>
<tag>end_of_path</tag>
<description>{CovLStrv2{{t{Changing format state of stream {0} for categories {1} without later restoring it.}{{code{std::cout}}}{floatfield, precision}}}}</description>
<line>78</line>
</event>
<extra>cout</extra>
<subcategory>none</subcategory>
<typePropertiesGroup>
<category>API usage errors</category>
<impact>Medium</impact>
<type>Not restoring ostream format</type>
<localEffect>The next output operation may not expect the stream format state being altered, resulting in incorrectly formatted output.</localEffect>
<longDescription>Not restoring the stream format state of an ostream</longDescription>
<qualityKind>true</qualityKind>
</typePropertiesGroup>
</error>
