<error>
<domain>STATIC_C</domain>
<lang>C++</lang>
<checker>UNCAUGHT_EXCEPT</checker>
<file>/home/jtorii/se465/se465p/pipair.cpp</file>
<function>main</function>
<score>100</score>
<ordered>false</ordered>
<event>
<main>true</main>
<tag>root_function</tag>
<description>{CovLStrv2{{t{In function {0} an exception of type {1} is thrown and never caught.}{{code{main(int, char **)}}}{{code{std::bad_alloc}}}}}}</description>
<line>112</line>
</event>
<event>
<tag>fun_call_w_exception</tag>
<description>{CovLStrv2{{t{Called function throws an exception of type {0}.}{{code{std::bad_alloc}}}}}}</description>
<line>120</line>
<model_ptr>
<module>module</module>
<property>prop</property>
<file>/home/jtorii/se465/se465p/pipair.cpp</file>
<function>_Z17readFromCallGraphv</function>
<key>addd01a0ae952cb825f9252398401ce7</key>
<id>0</id>
</model_ptr>
</event>
<extra>bad_alloc</extra>
<subcategory>none</subcategory>
<typePropertiesGroup>
<category>Error handling issues</category>
<impact>Medium</impact>
<type>Uncaught exception</type>
<cwe>248</cwe>
<localEffect>If the exception is ever thrown, the program will crash.</localEffect>
<longDescription>A C++ exception is thrown but never caught</longDescription>
<qualityKind>true</qualityKind>
</typePropertiesGroup>
</error>
<error>
<domain>STATIC_C</domain>
<lang>C++</lang>
<checker>UNCAUGHT_EXCEPT</checker>
<file>/home/jtorii/se465/se465p/pipair.cpp</file>
<function>main</function>
<score>100</score>
<ordered>false</ordered>
<event>
<main>true</main>
<tag>root_function</tag>
<description>{CovLStrv2{{t{In function {0} an exception of type {1} is thrown and never caught.}{{code{main(int, char **)}}}{{code{std::bad_alloc}}}}}}</description>
<line>112</line>
</event>
<event>
<tag>fun_call_w_exception</tag>
<description>{CovLStrv2{{t{Called function throws an exception of type {0}.}{{code{std::bad_alloc}}}}}}</description>
<line>121</line>
<model_ptr>
<module>module</module>
<property>prop</property>
<file>/home/jtorii/se465/se465p/pipair.cpp</file>
<function>_Z11printErrorsRKiRKf</function>
<key>7a02cf024759c90009d987412f93236f</key>
<id>0</id>
</model_ptr>
</event>
<extra>bad_alloc</extra>
<subcategory>none</subcategory>
<typePropertiesGroup>
<category>Error handling issues</category>
<impact>Medium</impact>
<type>Uncaught exception</type>
<cwe>248</cwe>
<localEffect>If the exception is ever thrown, the program will crash.</localEffect>
<longDescription>A C++ exception is thrown but never caught</longDescription>
<qualityKind>true</qualityKind>
</typePropertiesGroup>
</error>
